title,slug
Torquent Metus Netus,torquent-metus-netus
Habitasse Torquent Tortor,habitasse-torquent-tortor
Laoreet Accumsan Hendrerit Nunc,laoreet-accumsan-hendrerit-nunc
Accumsan Aliquam,accumsan-aliquam
Quis Natoque Purus,quis-natoque-purus
Varius Ornare Vitae,varius-ornare-vitae
Consectetur Nibh Orci Nullam,consectetur-nibh-orci-nullam
Vulputate Tellus Fames,vulputate-tellus-fames
Cubilia Condimentum Consectetur,cubilia-condimentum-consectetur
Etiam Nulla Scelerisque,etiam-nulla-scelerisque
Magna Maecenas Mattis,magna-maecenas-mattis
Primis Justo Odio Rhoncus,primis-justo-odio-rhoncus
Orci Sodales Efficitur Aliquet,orci-sodales-efficitur-aliquet
Arcu Magnis Sagittis Quisque,arcu-magnis-sagittis-quisque
Dignissim Pharetra,dignissim-pharetra
Nullam Sodales,nullam-sodales
Efficitur Senectus,efficitur-senectus
Fermentum Turpis Ipsum,fermentum-turpis-ipsum
Tempus Convallis,tempus-convallis
Diam Curabitur Neque Arcu,diam-curabitur-neque-arcu
Fames Condimentum,fames-condimentum
Senectus Donec Dignissim,senectus-donec-dignissim
Eros Elementum Euismod,eros-elementum-euismod
Senectus Condimentum Fermentum Lacinia,senectus-condimentum-fermentum-lacinia
Turpis Pharetra Curabitur,turpis-pharetra-curabitur
Habitant Lorem Ullamcorper Vivamus,habitant-lorem-ullamcorper-vivamus
Vehicula Aliquam,vehicula-aliquam
Torquent Hendrerit,torquent-hendrerit
Risus Lorem Vehicula Neque,risus-lorem-vehicula-neque
Placerat Fusce,placerat-fusce
Elit Placerat Adipiscing,elit-placerat-adipiscing
Congue Imperdiet Inceptos Magna,congue-imperdiet-inceptos-magna
Sodales Nascetur Maecenas Fringilla,sodales-nascetur-maecenas-fringilla
Semper Vulputate,semper-vulputate
Varius Suspendisse Eros,varius-suspendisse-eros
Amet Interdum Elit Etiam,amet-interdum-elit-etiam
Ornare Velit Conubia Dapibus,ornare-velit-conubia-dapibus
Consequat Natoque Suspendisse,consequat-natoque-suspendisse
Libero Gravida Metus,libero-gravida-metus
Nunc Pellentesque Volutpat Accumsan,nunc-pellentesque-volutpat-accumsan
Eleifend Viverra Natoque,eleifend-viverra-natoque
Conubia Pharetra Risus Magnis,conubia-pharetra-risus-magnis
Quam Vulputate Morbi,quam-vulputate-morbi
Felis Fames Imperdiet Habitasse,felis-fames-imperdiet-habitasse
Semper Duis Torquent,semper-duis-torquent
Hendrerit Primis,hendrerit-primis
Dolor Porttitor,dolor-porttitor
Curabitur Quisque Aptent Augue,curabitur-quisque-aptent-augue
Vivamus Pharetra Risus,vivamus-pharetra-risus
Orci Mollis Pulvinar,orci-mollis-pulvinar
Eget Conubia Molestie,eget-conubia-molestie
Penatibus Primis Pellentesque,penatibus-primis-pellentesque
Class Sollicitudin Molestie Quam,class-sollicitudin-molestie-quam
Commodo Pretium Aliquet,commodo-pretium-aliquet
Litora Urna Porta Netus,litora-urna-porta-netus
Sodales Ornare Cubilia,sodales-ornare-cubilia
Habitasse Interdum,habitasse-interdum
Cras Magnis Lorem,cras-magnis-lorem
Morbi Velit,morbi-velit
Cubilia Pellentesque Ultrices Augue,cubilia-pellentesque-ultrices-augue
Turpis Massa Lobortis,turpis-massa-lobortis
Lorem Maecenas Donec Mattis,lorem-maecenas-donec-mattis
Tincidunt Platea Pellentesque,tincidunt-platea-pellentesque
Risus Augue,risus-augue
Habitasse Elit,habitasse-elit
Penatibus Mattis Nibh,penatibus-mattis-nibh
Sapien Rutrum Neque Lobortis,sapien-rutrum-neque-lobortis
Cubilia Sociosqu,cubilia-sociosqu
Ultricies Habitasse,ultricies-habitasse
Tempor Duis,tempor-duis
Aliquet Vivamus,aliquet-vivamus
Interdum Etiam Praesent,interdum-etiam-praesent
Ultricies Arcu,ultricies-arcu
Donec Auctor Lacus Purus,donec-auctor-lacus-purus
Torquent Tincidunt Torquent Aliquet,torquent-tincidunt-torquent-aliquet
Accumsan Arcu Proin,accumsan-arcu-proin
Ridiculus Aenean,ridiculus-aenean
Fermentum Ante Penatibus Malesuada,fermentum-ante-penatibus-malesuada
Interdum Fringilla Rhoncus Quis,interdum-fringilla-rhoncus-quis
Volutpat Risus Feugiat Litora,volutpat-risus-feugiat-litora
Vulputate Mattis Platea Natoque,vulputate-mattis-platea-natoque
Scelerisque Pharetra Aptent Quis,scelerisque-pharetra-aptent-quis
Sociosqu Natoque,sociosqu-natoque
Maecenas Tempor Laoreet,maecenas-tempor-laoreet
Scelerisque Penatibus Ante Augue,scelerisque-penatibus-ante-augue
Eleifend Risus Vivamus,eleifend-risus-vivamus
Aliquet Vitae,aliquet-vitae
Dignissim Semper Nascetur,dignissim-semper-nascetur
Pellentesque Consectetur Libero,pellentesque-consectetur-libero
Fusce Phasellus Fusce,fusce-phasellus-fusce
Risus Conubia Enim,risus-conubia-enim
Purus Tempus Molestie Amet,purus-tempus-molestie-amet
Vivamus Dapibus Semper Ultricies,vivamus-dapibus-semper-ultricies
Maximus Metus Vulputate,maximus-metus-vulputate
Morbi Consequat,morbi-consequat
Feugiat Elementum Scelerisque,feugiat-elementum-scelerisque
Tempus Mollis,tempus-mollis
Rutrum Donec Scelerisque,rutrum-donec-scelerisque
Fringilla Fusce,fringilla-fusce
Gravida Sagittis Nulla,gravida-sagittis-nulla
Varius Vehicula,varius-vehicula
Viverra Quam,viverra-quam
Sagittis Gravida Tempor Gravida,sagittis-gravida-tempor-gravida
Curabitur Morbi Elit,curabitur-morbi-elit
Sapien Imperdiet Sollicitudin,sapien-imperdiet-sollicitudin
Aenean Taciti Penatibus,aenean-taciti-penatibus
Sollicitudin Penatibus Efficitur,sollicitudin-penatibus-efficitur
Cubilia Varius Sociosqu Vehicula,cubilia-varius-sociosqu-vehicula
Pulvinar Cubilia,pulvinar-cubilia
Ante Nisl Auctor Praesent,ante-nisl-auctor-praesent
Posuere Consectetur Varius Viverra,posuere-consectetur-varius-viverra
Nisl Varius Senectus,nisl-varius-senectus
Tortor Rutrum Class Porttitor,tortor-rutrum-class-porttitor
Suspendisse Justo Mollis Porta,suspendisse-justo-mollis-porta
Dictum Accumsan,dictum-accumsan
Vestibulum Hendrerit Torquent,vestibulum-hendrerit-torquent
Nisi Gravida,nisi-gravida
Sodales Nisi Orci,sodales-nisi-orci
Maximus Mattis Natoque Diam,maximus-mattis-natoque-diam
Tempor Fames Tristique Eleifend,tempor-fames-tristique-eleifend
Ante Tempus Nisi,ante-tempus-nisi
Adipiscing Risus,adipiscing-risus
Varius Convallis,varius-convallis
Lobortis Duis,lobortis-duis
Curabitur Iaculis Ligula,curabitur-iaculis-ligula
Suspendisse Vestibulum Viverra,suspendisse-vestibulum-viverra
Blandit Quam Tellus,blandit-quam-tellus
Adipiscing Vehicula Habitasse Accumsan,adipiscing-vehicula-habitasse-accumsan
Tristique Pharetra Viverra,tristique-pharetra-viverra
Nulla Ornare,nulla-ornare
Efficitur Habitant,efficitur-habitant
Suspendisse Porta,suspendisse-porta
Class Consequat Odio Metus,class-consequat-odio-metus
Porttitor Fames Imperdiet Consectetur,porttitor-fames-imperdiet-consectetur
Convallis Habitasse Ligula,convallis-habitasse-ligula
Facilisis Curabitur,facilisis-curabitur
Iaculis Lorem,iaculis-lorem
Maximus Erat,maximus-erat
Scelerisque Cras Habitant Dapibus,scelerisque-cras-habitant-dapibus
Justo Commodo Elit Sodales,justo-commodo-elit-sodales
Habitant Morbi Nullam,habitant-morbi-nullam
Urna Habitant Erat Pretium,urna-habitant-erat-pretium
Mattis Lorem,mattis-lorem
Sodales Tristique Augue,sodales-tristique-augue
Cubilia Metus,cubilia-metus
Condimentum Cubilia Tincidunt,condimentum-cubilia-tincidunt
Netus Amet,netus-amet
Lacinia Egestas Class Nascetur,lacinia-egestas-class-nascetur
Vitae Penatibus Habitant,vitae-penatibus-habitant
Habitasse Scelerisque Senectus Accumsan,habitasse-scelerisque-senectus-accumsan
Amet Sagittis,amet-sagittis
Habitasse Ipsum,habitasse-ipsum
Scelerisque Habitant Quis,scelerisque-habitant-quis
Penatibus Faucibus Mauris Litora,penatibus-faucibus-mauris-litora
Magna Aptent Nunc,magna-aptent-nunc
Sodales Sodales Lectus,sodales-sodales-lectus
Gravida Porta Justo Imperdiet,gravida-porta-justo-imperdiet
Vehicula Integer Felis Placerat,vehicula-integer-felis-placerat
Consectetur Ultrices,consectetur-ultrices
Parturient Tincidunt Euismod Pretium,parturient-tincidunt-euismod-pretium
Arcu Dolor Semper,arcu-dolor-semper
Suspendisse Finibus Consequat Tempor,suspendisse-finibus-consequat-tempor
Phasellus Parturient,phasellus-parturient
Penatibus Ipsum Orci,penatibus-ipsum-orci
Quis Proin Etiam Suspendisse,quis-proin-etiam-suspendisse
Platea Ullamcorper,platea-ullamcorper
Facilisis Ante Egestas Dapibus,facilisis-ante-egestas-dapibus
Faucibus Orci Pharetra Nascetur,faucibus-orci-pharetra-nascetur
Malesuada Diam Tincidunt Netus,malesuada-diam-tincidunt-netus
Ridiculus Senectus,ridiculus-senectus
Vehicula Aliquet Praesent Purus,vehicula-aliquet-praesent-purus
Semper Habitant,semper-habitant
Vitae Primis Ligula Faucibus,vitae-primis-ligula-faucibus
Ultrices Pulvinar Ultricies Tellus,ultrices-pulvinar-ultricies-tellus
Cursus Commodo,cursus-commodo